{
  "lang":"en",
  "name":"pipeline",
  "version":"0.0.0",
  "spacy_version":">=3.8.5,<3.9.0",
  "description":"",
  "author":"",
  "email":"",
  "url":"",
  "license":"",
  "spacy_git_version":"d0c705c",
  "vectors":{
    "width":0,
    "vectors":0,
    "keys":0,
    "name":null,
    "mode":"default"
  },
  "labels":{
    "tok2vec":[

    ],
    "ner":[
      "B-DES",
      "B-EMAIL",
      "B-NAME",
      "B-ORG",
      "B-PHOE",
      "B-PHONE",
      "B-WEB",
      "DES",
      "EMAIL",
      "I-DE",
      "I-DES",
      "I-EMAIL",
      "I-NAME",
      "I-OR",
      "I-ORG",
      "I-PHONE",
      "I-WEB",
      "NAME",
      "ORG",
      "PHONE"
    ]
  },
  "pipeline":[
    "tok2vec",
    "ner"
  ],
  "components":[
    "tok2vec",
    "ner"
  ],
  "disabled":[

  ],
  "performance":{
    "ents_f":0.6697108067,
    "ents_p":0.6769230769,
    "ents_r":0.6626506024,
    "ents_per_type":{
      "B-NAME":{
        "p":0.7826086957,
        "r":0.75,
        "f":0.7659574468
      },
      "I-NAME":{
        "p":0.6904761905,
        "r":0.8285714286,
        "f":0.7532467532
      },
      "B-ORG":{
        "p":0.5652173913,
        "r":0.4482758621,
        "f":0.5
      },
      "I-ORG":{
        "p":0.6153846154,
        "r":0.5970149254,
        "f":0.6060606061
      },
      "B-PHONE":{
        "p":0.8409090909,
        "r":0.9024390244,
        "f":0.8705882353
      },
      "B-EMAIL":{
        "p":0.8518518519,
        "r":0.7931034483,
        "f":0.8214285714
      },
      "I-EMAIL":{
        "p":0.8,
        "r":0.5714285714,
        "f":0.6666666667
      },
      "B-DES":{
        "p":0.5238095238,
        "r":0.4782608696,
        "f":0.5
      },
      "I-DES":{
        "p":0.5454545455,
        "r":0.4137931034,
        "f":0.4705882353
      },
      "NAME":{
        "p":0.0,
        "r":0.0,
        "f":0.0
      },
      "I-PHONE":{
        "p":0.5945945946,
        "r":0.7586206897,
        "f":0.6666666667
      },
      "B-WEB":{
        "p":0.7692307692,
        "r":0.7692307692,
        "f":0.7692307692
      },
      "I-WEB":{
        "p":1.0,
        "r":0.5,
        "f":0.6666666667
      },
      "PHONE":{
        "p":0.0,
        "r":0.0,
        "f":0.0
      },
      "WEB":{
        "p":0.0,
        "r":0.0,
        "f":0.0
      },
      "ORG":{
        "p":0.0,
        "r":0.0,
        "f":0.0
      }
    },
    "tok2vec_loss":881.9581666354,
    "ner_loss":734.250793457
  }
}