{
  "lang":"en",
  "name":"pipeline",
  "version":"0.0.0",
  "spacy_version":">=3.8.5,<3.9.0",
  "description":"",
  "author":"",
  "email":"",
  "url":"",
  "license":"",
  "spacy_git_version":"d0c705c",
  "vectors":{
    "width":0,
    "vectors":0,
    "keys":0,
    "name":null,
    "mode":"default"
  },
  "labels":{
    "tok2vec":[

    ],
    "ner":[
      "B-DES",
      "B-EMAIL",
      "B-NAME",
      "B-ORG",
      "B-PHOE",
      "B-PHONE",
      "B-WEB",
      "DES",
      "EMAIL",
      "I-DE",
      "I-DES",
      "I-EMAIL",
      "I-NAME",
      "I-OR",
      "I-ORG",
      "I-PHONE",
      "I-WEB",
      "NAME",
      "ORG",
      "PHONE",
      "WEB"
    ]
  },
  "pipeline":[
    "tok2vec",
    "ner"
  ],
  "components":[
    "tok2vec",
    "ner"
  ],
  "disabled":[

  ],
  "performance":{
    "ents_f":0.64,
    "ents_p":0.6956521739,
    "ents_r":0.5925925926,
    "ents_per_type":{
      "B-NAME":{
        "p":0.6315789474,
        "r":0.5,
        "f":0.5581395349
      },
      "I-NAME":{
        "p":0.8,
        "r":0.4545454545,
        "f":0.5797101449
      },
      "B-DES":{
        "p":0.5333333333,
        "r":0.4705882353,
        "f":0.5
      },
      "B-PHONE":{
        "p":0.725,
        "r":0.6904761905,
        "f":0.7073170732
      },
      "B-ORG":{
        "p":0.4736842105,
        "r":0.4090909091,
        "f":0.4390243902
      },
      "I-ORG":{
        "p":0.7115384615,
        "r":0.7115384615,
        "f":0.7115384615
      },
      "B-WEB":{
        "p":0.7692307692,
        "r":0.6666666667,
        "f":0.7142857143
      },
      "B-EMAIL":{
        "p":0.8095238095,
        "r":0.7727272727,
        "f":0.7906976744
      },
      "I-PHONE":{
        "p":0.7741935484,
        "r":0.7741935484,
        "f":0.7741935484
      },
      "I-DES":{
        "p":0.5625,
        "r":0.4090909091,
        "f":0.4736842105
      },
      "I-EMAIL":{
        "p":0.5,
        "r":0.5,
        "f":0.5
      },
      "I-WEB":{
        "p":0.0,
        "r":0.0,
        "f":0.0
      },
      "NAME":{
        "p":0.0,
        "r":0.0,
        "f":0.0
      }
    },
    "tok2vec_loss":367.1977412954,
    "ner_loss":416.9002380371
  }
}