{
  "lang":"en",
  "name":"pipeline",
  "version":"0.0.0",
  "spacy_version":">=3.8.5,<3.9.0",
  "description":"",
  "author":"",
  "email":"",
  "url":"",
  "license":"",
  "spacy_git_version":"d0c705c",
  "vectors":{
    "width":0,
    "vectors":0,
    "keys":0,
    "name":null,
    "mode":"default"
  },
  "labels":{
    "tok2vec":[

    ],
    "ner":[
      "B-DES",
      "B-EMAIL",
      "B-NAME",
      "B-ORG",
      "B-PHOE",
      "B-PHONE",
      "B-WEB",
      "DES",
      "EMAIL",
      "I-DE",
      "I-DES",
      "I-EMAIL",
      "I-NAME",
      "I-OR",
      "I-ORG",
      "I-PHONE",
      "I-WEB",
      "NAME",
      "ORG",
      "PHONE",
      "WEB"
    ]
  },
  "pipeline":[
    "tok2vec",
    "ner"
  ],
  "components":[
    "tok2vec",
    "ner"
  ],
  "disabled":[

  ],
  "performance":{
    "ents_f":0.6666666667,
    "ents_p":0.7170542636,
    "ents_r":0.6228956229,
    "ents_per_type":{
      "B-NAME":{
        "p":0.6666666667,
        "r":0.4166666667,
        "f":0.5128205128
      },
      "I-NAME":{
        "p":0.8125,
        "r":0.5909090909,
        "f":0.6842105263
      },
      "B-DES":{
        "p":0.6,
        "r":0.5294117647,
        "f":0.5625
      },
      "B-PHONE":{
        "p":0.7894736842,
        "r":0.7142857143,
        "f":0.75
      },
      "I-ORG":{
        "p":0.7872340426,
        "r":0.7115384615,
        "f":0.7474747475
      },
      "B-WEB":{
        "p":0.8125,
        "r":0.8666666667,
        "f":0.8387096774
      },
      "B-EMAIL":{
        "p":0.9,
        "r":0.8181818182,
        "f":0.8571428571
      },
      "I-PHONE":{
        "p":0.575,
        "r":0.7419354839,
        "f":0.6478873239
      },
      "B-ORG":{
        "p":0.4736842105,
        "r":0.4090909091,
        "f":0.4390243902
      },
      "I-EMAIL":{
        "p":1.0,
        "r":0.5,
        "f":0.6666666667
      },
      "I-DES":{
        "p":0.6,
        "r":0.4090909091,
        "f":0.4864864865
      },
      "I-WEB":{
        "p":0.0,
        "r":0.0,
        "f":0.0
      },
      "NAME":{
        "p":0.0,
        "r":0.0,
        "f":0.0
      }
    },
    "tok2vec_loss":862.6745145034,
    "ner_loss":558.1344604492
  }
}