{
  "lang":"en",
  "name":"pipeline",
  "version":"0.0.0",
  "spacy_version":">=3.8.5,<3.9.0",
  "description":"",
  "author":"",
  "email":"",
  "url":"",
  "license":"",
  "spacy_git_version":"d0c705c",
  "vectors":{
    "width":0,
    "vectors":0,
    "keys":0,
    "name":null,
    "mode":"default"
  },
  "labels":{
    "tok2vec":[

    ],
    "ner":[
      "B-DES",
      "B-EMAIL",
      "B-NAME",
      "B-ORG",
      "B-PHOE",
      "B-PHONE",
      "B-WEB",
      "DES",
      "EMAIL",
      "I-DE",
      "I-DES",
      "I-EMAIL",
      "I-NAME",
      "I-OR",
      "I-ORG",
      "I-PHONE",
      "I-WEB",
      "NAME",
      "ORG",
      "PHONE"
    ]
  },
  "pipeline":[
    "tok2vec",
    "ner"
  ],
  "components":[
    "tok2vec",
    "ner"
  ],
  "disabled":[

  ],
  "performance":{
    "ents_f":0.6586826347,
    "ents_p":0.6547619048,
    "ents_r":0.6626506024,
    "ents_per_type":{
      "B-NAME":{
        "p":0.64,
        "r":0.6666666667,
        "f":0.6530612245
      },
      "I-NAME":{
        "p":0.6666666667,
        "r":0.9142857143,
        "f":0.7710843373
      },
      "B-ORG":{
        "p":0.4615384615,
        "r":0.4137931034,
        "f":0.4363636364
      },
      "I-ORG":{
        "p":0.6,
        "r":0.671641791,
        "f":0.6338028169
      },
      "B-PHONE":{
        "p":0.8108108108,
        "r":0.7317073171,
        "f":0.7692307692
      },
      "I-PHONE":{
        "p":0.6363636364,
        "r":0.724137931,
        "f":0.6774193548
      },
      "B-EMAIL":{
        "p":0.88,
        "r":0.7586206897,
        "f":0.8148148148
      },
      "I-EMAIL":{
        "p":0.8,
        "r":0.5714285714,
        "f":0.6666666667
      },
      "B-DES":{
        "p":0.6842105263,
        "r":0.5652173913,
        "f":0.619047619
      },
      "I-DES":{
        "p":0.5909090909,
        "r":0.4482758621,
        "f":0.5098039216
      },
      "NAME":{
        "p":0.0,
        "r":0.0,
        "f":0.0
      },
      "B-WEB":{
        "p":0.6875,
        "r":0.8461538462,
        "f":0.7586206897
      },
      "I-WEB":{
        "p":1.0,
        "r":0.5,
        "f":0.6666666667
      },
      "PHONE":{
        "p":0.0,
        "r":0.0,
        "f":0.0
      },
      "WEB":{
        "p":0.0,
        "r":0.0,
        "f":0.0
      },
      "DES":{
        "p":0.0,
        "r":0.0,
        "f":0.0
      },
      "ORG":{
        "p":0.0,
        "r":0.0,
        "f":0.0
      }
    },
    "tok2vec_loss":494.6977478644,
    "ner_loss":363.0822143555
  }
}